<?xml version="1.0" encoding="utf-8"?>
<document>
<provision id="A1_1">
This Directive, which is the 16th individual Directive within the meaning of Article 16(1) of Directive 89/391/EEC, lays down minimum requirements for the protection of workers from risks to their health and safety arising or likely to arise from exposure to mechanical vibration.
</provision>
<provision id="A1_2" type="insertion">
The requirements of this Directive shall apply to activities in which workers are or are likely to be exposed to risks from mechanical vibration during their work.
</provision>
<provision id="A1_3">
Directive 89/391/EEC shall apply fully to the whole area referred to in paragraph 1, without prejudice to more stringent and/or more specific provisions contained in this Directive.
</provision>
<provision id="A2" type="definition">
For the purposes of this Directive, the following terms shall mean:

"hand-arm vibration": the mechanical vibration that, when transmitted to the human hand-arm system, entails risks to the health and safety of workers, in particular vascular, bone or joint, neurological or muscular disorders;

"whole-body vibration": the mechanical vibration that, when transmitted to the whole body, entails risks to the health and safety of workers, in particular lower-back morbidity and trauma of the spine.
</provision>
<provision id="A3_1" type="insertion">
Exposure limit values and action values
For hand-arm vibration:

 the daily exposure limit value standardised to an eight-hour reference period shall be 5 m/s2;

 the daily exposure action value standardised to an eight-hour reference period shall be 2,5 m/s2.
Workers' exposure to hand-arm vibration shall be assessed or measured on the basis of the provisions of Point 1 of Part A of the Annex.
</provision>
<provision id="A3_2" type="insertion">
Exposure limit values and action values
For whole-body vibration:

 the daily exposure limit value standardised to an eight-hour reference period shall be 1,15 m/s2 or, at the choice of the Member State concerned, a vibration dose value of 21 m/s1,75;

 the daily exposure action value standardised to an eight-hour reference period shall be 0,5 m/s2 or, at the choice of the Member State concerned, a vibration dose value of 9,1 m/s1,75.

Workers' exposure to whole-body vibration shall be assessed or measured on the basis of the provisions of Point 1 of Part B of the Annex.
</provision>
<provision id="A4_1" type="obligation">
Determination and assessment of risks

In carrying out the obligations laid down in Article 6(3) and Article 9(1) of Directive 89/391/EEC, the employer shall assess and, if necessary, measure the levels of mechanical vibration to which workers are exposed. Measurement shall be carried out in accordance with Point 2 of Part A or Point 2 of Part B of the Annex to this Directive, as appropriate.
</provision>
<provision id="A4_2" type="obligation">
Determination and assessment of risks
The level of exposure to mechanical vibration may be assessed by means of observation of specific working practices and reference to relevant information on the probable magnitude of the vibration corresponding to the equipment or the types of equipment used in the particular conditions of use, including such information provided by the manufacturer of the equipment. That operation shall be distinguished from measurement, which requires the use of specific apparatus and appropriate methodology.
</provision>
<provision id="A4_3" type="obligation">
Determination and assessment of risks
The assessment and measurement referred to in paragraph 1 shall be planned and carried out by competent services at suitable intervals, taking particular account of the provisions of Article 7 of Directive 89/391/EEC concerning the necessary competent services or persons. The data obtained from the assessment and/or measurement of the level of exposure to mechanical vibration shall be preserved in a suitable form so as to permit consultation at a later stage.
</provision>
<provision id="A4_4" type="obligation">
Determination and assessment of risks
Pursuant to Article 6(3) of Directive 89/391/EEC, the employer shall give particular attention, when carrying out the risk assessment, to the following:

the level, type and duration of exposure, including any exposure to intermittent vibration or repeated shocks;

the exposure limit values and the exposure action values laid down in Article 3 of this Directive;

 any effects concerning the health and safety of workers at particularly sensitive risk;

 any indirect effects on worker safety resulting from interactions between mechanical vibration and the workplace or other work equipment;

 information provided by the manufacturers of work equipment in accordance with the relevant Community Directives;

the existence of replacement equipment designed to reduce the levels of exposure to mechanical vibration;

 the extension of exposure to whole-body vibration beyond normal working hours under the employer's responsibility;

specific working conditions such as low temperatures;

appropriate information obtained from health surveillance, including published information, as far as possible.
</provision>
<provision id="A4_5" type="obligation">
Determination and assessment of risks
The employer shall be in possession of an assessment of the risk in accordance with Article 9(1)(a) of Directive 89/391/EEC and shall identify which measures must be taken in accordance with Articles 5 and 6 of this Directive. The risk assessment shall be recorded on a suitable medium, according to national law and practice; it may include a justification by the employer that the nature and extent of the risks related to mechanical vibration make a further detailed risk assessment unnecessary. The risk assessment shall be kept up-to-date on a regular basis, particularly if there have been significant changes which could render it out-of-date, or when the results of health surveillance show it to be necessary.
</provision>
<provision id="A5_1" type="obligation">
Provisions aimed at avoiding or reducing exposure

Taking account of technical progress and of the availability of measures to control the risk at source, the risks arising from exposure to mechanical vibration shall be eliminated at their source or reduced to a minimum.

The reduction of such risks shall be based on the general principles of prevention set out in Article 6(2) of Directive 89/391/EEC.
</provision>
<provision id="A5_2" type="obligation">
On the basis of the risk assessment referred to in Article 4, once the exposure action values laid down in Article 3(1)(b) and (2)(b) are exceeded, the employer shall establish and implement a programme of technical and/or organisational measures intended to reduce to a minimum exposure to mechanical vibration and the attendant risks, taking into account in particular:

 other working methods that require less exposure to mechanical vibration;

the choice of appropriate work equipment of appropriate ergonomic design and, taking account of the work to be done, producing the least possible vibration;

 the provision of auxiliary equipment that reduces the risk of injuries caused by vibration, such as seats that effectively reduce whole-body vibration and handles which reduce the vibration transmitted to the hand-arm system;

 appropriate maintenance programmes for work equipment, the workplace and workplace systems;

 the design and layout of workplaces and work stations;

 adequate information and training to instruct workers to use work equipment correctly and safely in order to reduce their exposure to mechanical vibration to a minimum;

limitation of the duration and intensity of the exposure;

appropriate work schedules with adequate rest periods;

 the provision of clothing to protect exposed workers from cold and damp.
</provision>
<provision id="A5_3" type="obligation">
In any event, workers shall not be exposed above the exposure limit value.

If, despite the measures taken by the employer to comply with this Directive, the exposure limit value is exceeded, the employer shall take immediate action to reduce exposure below the exposure limit value. He shall identify the reasons why the exposure limit value has been exceeded, and shall amend the protection and prevention measures accordingly in order to prevent it being exceeded again.
</provision>
<provision id="A5_4" type="obligation">
Pursuant to Article 15 of Directive 89/391/EEC, the employer shall adapt the measures referred to in this Article to the requirements of workers at particular risk.
</provision>
<provision id="A6" type="obligation">
Worker information and training

Without prejudice to Articles 10 and 12 of Directive 89/391/EEC, the employer shall ensure that workers who are exposed to the risks from mechanical vibration at work and/or their representatives receive information and training relating to the outcome of the risk assessment provided for in Article 4(1) of this Directive, concerning in particular:

 the measures taken to implement this Directive in order to eliminate or reduce to a minimum the risks from mechanical vibration;

 the exposure limit values and the exposure action values;

 the results of the assessment and measurement of the mechanical vibration carried out in accordance with Article 4 of this Directive and the potential injury arising from the work equipment in use;

 why and how to detect and report signs of injury;

 the circumstances in which workers are entitled to health surveillance;

 safe working practices to minimise exposure to mechanical vibration.
</provision>
<provision id="A7">
Consultation and participation of workers

Consultation and participation of workers and/or of their representatives shall take place in accordance with Article 11 of Directive 89/391/EEC on the matters covered by this Directive.
</provision>

<provision id="A8_1" type="obligation">
Without prejudice to Article 14 of Directive 89/391/EEC, Member States shall adopt provisions to ensure the appropriate health surveillance of workers with reference to the outcome of the risk assessment provided for in Article 4(1) of this Directive where it indicates a risk to their health. Those provisions, including the requirements specified for health records and their availability, shall be introduced in accordance with national laws and/or practice.

Health surveillance, the results of which are taken into account in the application of preventive measures at a specific workplace, shall be intended to prevent and diagnose rapidly any disorder linked with exposure to mechanical vibration. Such surveillance shall be appropriate where:

- the exposure of workers to vibration is such that a link can be established between that exposure and an identifiable illness or harmful effects on health,

- it is probable that the illness or the effects occur in a worker's particular working conditions, and

- there are tested techniques for the detection of the illness or the harmful effects on health.

In any event, workers exposed to mechanical vibration in excess of the values stated in Article 3(1)(b) and (2)(b) shall be entitled to appropriate health surveillance.
</provision>
<provision id="A8_2" type="obligation">
Member States shall establish arrangements to ensure that, for each worker who undergoes health surveillance in accordance with paragraph 1, individual health records are made and kept up-to-date. Health records shall contain a summary of the results of the health surveillance carried out. They shall be kept in a suitable form so as to permit any consultation at a later date, taking into account any confidentiality.

Copies of the appropriate records shall be supplied to the competent authority on request. The individual worker shall, at his request, have access to the health records relating to him personally.
</provision>
<provision id="A8_3" type="obligation">
Where, as a result of health surveillance, a worker is found to have an identifiable disease or adverse health effect which is considered by a doctor or occupational health-care professional to be the result of exposure to mechanical vibration at work:

 the worker shall be informed by the doctor or other suitably qualified person of the result which relates to him personally. He shall, in particular, receive information and advice regarding any health surveillance which he should undergo following the end of exposure;

 the employer shall be informed of any significant findings from the health surveillance, taking into account any medical confidentiality.

 the employer shall:

- review the risk assessment carried out pursuant to Article 4,

- review the measures provided for to eliminate or reduce risks pursuant to Article 5,

- take into account the advice of the occupational health-care professional or other suitably qualified person or the competent authority in implementing any measures required to eliminate or reduce risk in accordance with Article 5, including the possibility of assigning the worker to alternative work where there is no risk of further exposure, and

- arrange continued health surveillance and provide for a review of the health status of any other worker who has been similarly exposed. In such cases, the competent doctor or occupational health care professional or the competent authority may propose that exposed persons undergo a medical examination.
</provision>
<provision id="A9" type="insertion">
Transitional periods

With regard to implementation of the obligations laid down in Article 5(3), Member States, after consultation of the two sides of industry in accordance with national legislation or practice, shall be entitled to make use of a maximum transitional period of five years from 6 July 2005 where work equipment is used which was given to workers before 6 July 2007 and which does not permit the exposure limit values to be respected, taking into account the latest technical advances and/or the organisational measures taken. With regard to equipment used in the agriculture and forestry sectors, Member States shall be entitled to extend the maximum transitional period by up to four years.
</provision>
<provision id="A10_1" type="derogation">
 In compliance with the general principles of health and safety protection for workers, Member States may, in the case of sea and air transport, derogate from Article 5(3) in duly justified circumstances with respect to whole-body vibration where, given the state of the art and the specific characteristics of workplaces, it is not possible to comply with the exposure limit value despite the technical and/or organisation measures taken.
</provision>
<provision id="A10_2" type="derogation">
In a case where the exposure of a worker to mechanical vibration is usually below the exposure action values given in Article 3(1)(b) and (2)(b) but varies markedly from time to time and may occasionally exceed the exposure limit value, Member States may also grant derogations from Article 5(3). However, the exposure value averaged over 40 hours must be less than the exposure limit value and there must be evidence to show that the risks from the pattern of exposure to the work are lower than those from exposure at the exposure limit value.
</provision>
<provision id="A10_3" type="derogation">
The derogations referred to in paragraphs 1 and 2 shall be granted by Member States after consultation of the two sides of industry in accordance with national laws and practice. Such derogations must be accompanied by conditions which guarantee, taking into account the special circumstances, that the resulting risks are reduced to a minimum and that the workers concerned are subject to increased health surveillance. Such derogations shall be reviewed every four years and withdrawn as soon as the justifying circumstances no longer obtain.
</provision>
<provision id="A10_4" type="obligation">
 Every four years Member States shall forward to the Commission a list of derogations as referred to in paragraphs 1 and 2, indicating the exact reasons and circumstances which made them decide to grant the derogations.
</provision>
<provision id="A11">
Technical amendments

Amendments to the Annex of a strictly technical nature in line with:

the adoption of Directives in the field of technical harmonisation and standardisation with regard to the design, building, manufacture or construction of work equipment and/or workplaces;

technical progress, changes in the most appropriate harmonised European standards or specifications and new findings concerning mechanical vibration;

shall be adopted in accordance with the regulatory procedure laid down in Article 12(2).
</provision>
<provision id="A12">
Committee

The Commission shall be assisted by the Committee referred to in Article 17(2) of Directive 89/391/EEC.

Where reference is made to this paragraph, Articles 5 and 7 of Decision 1999/468/EC shall apply, having regard to the provisions of Article 8 thereof.

The period referred to in Article 5(6) of Decision 1999/468/EC shall be set at three months.

The Committee shall adopt its rules of procedure.
</provision>
<provision id="A13">
Reports

Every five years Member States shall provide a report to the Commission on the practical implementation of this Directive, indicating the points of view of the two sides of industry. It shall contain a description of best practice for preventing vibrations with a harmful effect on health and of other forms of work organisation, together with the action taken by the Member States to impart knowledge of such best practice.

On the basis of those reports, the Commission shall carry out an overall assessment of the implementation of the Directive, including implementation in the light of research and scientific information, and shall inform the European Parliament, the Council, the Economic and Social Committee and the Advisory Committee on Safety, Hygiene and Health Protection at Work thereof and, if necessary, propose amendments.
</provision>
<provision id="A14">
Transposition

The Member States shall bring into force the laws, regulations and administrative provisions necessary to comply with this Directive no later than 6 July 2005. They shall forthwith inform the Commission thereof. They shall also include a list, giving detailed reasons, of the transitional arrangements which the Member States have adopted in accordance with Article 9.

When Member States adopt these measures, they shall contain a reference to this Directive or shall be accompanied by such reference on the occasion of their official publication. The methods of making such reference shall be laid down by Member States.

Member States shall communicate the provisions of national law which they adopt or have already adopted in the field covered by this Directive to the Commission.
</provision>
<provision id="A15">
Entry into force
This Directive shall enter into force on the day of its publication in the Official Journal of the European Communities.
</provision>
<provision id="A16">
Addressees
This Directive is addressed to the Member States.
</provision>
</document>
