<?xml version="1.0" encoding="utf-8"?>
<document>
<provision id="P1">
These Regulations may be cited as the Safety, Health and Welfare at Work (Control of Vibration at Work) Regulations 2006 and, subject to the transitional periods in Regulation 9, shall come into operation on their making.
</provision>
<provision id="P2">
In these Regulations -
		

“Act” means the Safety, Health and Welfare at Work Act 2005 (No. 10 of 2005);
		

“Authority” means the Health and Safety Authority as defined in Part 5 of the Act;
		

“Directive” means Directive 2002/44/EC of the European Parliament and of the Council of 25 June 20021 ;
		

“exposure action value” means the level of daily exposure for any employee which, if exceeded, requires specified action to be taken to reduce risk;
		

“exposure limit value” means the level of daily exposure for any employee which must not be exceeded, save as set out in Regulation 10 (2);
		

“hand-arm vibration” means mechanical vibration that, when transmitted to the human hand-arm system, entails risks to the safety and health of employees, in particular vascular, bone or joint, neurological or muscular disorders;
		

“mechanical vibration” means vibration occurring in a piece of machinery or equipment, or in a vehicle as a result of its operation;
		

“whole-body vibration” means the mechanical vibration that, when transmitted to the whole body, entails risks to the safety and health of employees, in particular lower-back morbidity and trauma of the spine.
		

 A word or expression that is used in these Regulations and is also used in the Directive has, unless the contrary intention appears, the same meaning in these Regulations as in the Directive.
</provision>
<provision id="P3">
 These Regulations shall apply to activities in which employees are or are likely to be exposed to risks to their safety and health arising from exposure to mechanical vibration during their work.
</provision>
<provision id="P4_1">
For hand-arm vibration -
		

the daily exposure limit value standardised to an eight-hour reference period shall be 5m/s2 ,
		

the daily exposure action value standardised to an eight-hour reference period shall be 2.5 m/s2, and
		

exposure shall be assessed or measured on the basis set out in Part 1 of the Schedule.
</provision>
<provision id="P4_2">
For whole-body vibration -
		

the daily exposure limit value standardised to an eight-hour reference period shall be 1.15 m/s2,
		

the daily exposure action value standardised to an eight-hour reference period shall be 0.5 m/s2, and
		

exposure shall be assessed or measured on the basis set out in Part 2 of the Schedule.
</provision>
<provision id="P5_1">
Without prejudice to the requirements of sections 19 and 20 of the Act where employees are exposed to mechanical vibration, an employer shall make a suitable and appropriate assessment of the risk arising from such exposure.
</provision>
<provision id="P5_2">
In carrying out the risk assessment referred to in paragraph (1), an employer shall assess daily exposure to mechanical vibration by means of -
 observation of specific working practices,
 reference to relevant information on the probable level of the vibration corresponding to the equipment or the types of
equipment used in the particular working conditions,including reference to information provided by the
manufacturer of the equipment, and (c) if necessary, measurement of the magnitude of mechanical vibration to which his or her employees are liable
to be exposed, and any such measurement shall be carried out on the basis set out in the Schedule.
</provision>
<provision id="P5_3">
An employer shall be responsible for the assessment referred to in paragraphs (1) and (2) being planned and competently carried out at suitable intervals.
</provision>
<provision id="P5_4">
An employer shall give particular attention when carrying out the risk assessment under this Regulation to the following-
 the level, type and duration of exposure, including any exposure to intermittent vibration or repeated shocks,
 the exposure limit values and the exposure action values specified in Regulation 4,
 the effects of exposure to vibration on employees whose safety or health is at particular risk from such exposure,
 any indirect effects on employee safety or health resulting from interactions between mechanical vibration and the place
of work or other work equipment,
 any information provided by the manufacturers of work equipment in compliance with section 16 of the Act,
 the existence of replacement equipment designed to reduce exposure to mechanical vibration,
 the extension of exposure to whole-body vibration beyond normal working hours under the employer's responsibility,
 specific working conditions such as low temperatures,
and 
appropriate information obtained from health surveillance including, where possible, published information.
</provision>
<provision id="P5_5">
An employer shall record in the safety statement drawn up pursuant to section 20 of the Act -
 the findings of the risk assessment as soon as it is practicable after it is made, and
 the steps which he or she has taken to meet the requirements of Regulations 6, 7 and 8.
</provision>
<provision id="P5_6">
The assessment and if necessary measurement referred to in paragraph (2 shall be reviewed at suitable intervals and, in
particular, where either of the conditions specified in section 19(3), indents (a) and (b), of the Act are met.
</provision>
<provision id="P6_1">
Having regard to the general principles of prevention in Schedule 3 to the Act, an employer shall ensure so far as is reasonably practicable that risk from the exposure of his or her employees to mechanical vibration is either eliminated at source or reduced to a minimum.
</provision>
<provision id="P6_2">
If the risk assessment indicates that an exposure action value is exceeded an employer shall comply with the duty to
reduce exposure to mechanical vibration and attendant risks to a minimum under paragraph (1) by establishing and
implementing a programme of technical or organisational measures (or both appropriate to the activity and consistent
with the risk assessment, taking into account in particular 
other methods of work which reduce exposure to
mechanical vibration, 
the choice of work equipment of appropriate ergonomic
design which taking account of the work to be done, produces
the least possible vibration,
the provision of auxiliary equipment which reduces the risk of injuries caused by vibration, such as seats that
effectively reduce whole-body vibration and handles which
reduce the vibration transmitted to the hand-arm system,
appropriate maintenance programmes for work
equipment, the places of work, workstations and systems of
work,
the design and layout of places of work and workstations,
adequate information and training to instruct employees to
use work equipment correctly, safely and without risk to
health in order to reduce their exposure to mechanical
vibration to a minimum,
limitation of the duration and intensity of exposure to
mechanical vibration,
appropriate work schedules with adequate rest periods,
and
provision of clothing to protect employees exposed to
cold and damp.
</provision>
<provision id="P6_3">
Subject to Regulations 9 and 10, an employer shall ensure
that-
 his or her employees are not exposed to mechanical
vibration above the relevant exposure limit value, and
if, despite the measures taken to comply with these
Regulations, the exposure limit value is exceeded, he or she
shall forthwith -
 take action to reduce exposure to mechanical vibration to
below the exposure limit value,
 identify the reason for that limit being exceeded, and
 amend the technical and organisational measures taken
in accordance with paragraph (2) to prevent it being exceeded
again.
</provision>
<provision id="P6_4">
An employer shall adapt any measure taken in
compliance with this Regulation to take account of any
employee who is at particular risk from mechanical vibration.
</provision>
<provision id="P7">
Without prejudice to sections 9 and 10 of the Act,
where employees are exposed to risk from mechanical
vibration, an employer shall provide those employees or their
safety representative (or both) with suitable and sufficient
information, instruction and training, including -
the technical and organisational measures taken in order
to comply with these Regulations,
 the exposure limit values and the exposure action values,
the results of the risk assessment and measurement of the
mechanical vibration carried out in accordance with
Regulation 5 and the potential injury arising from the work
equipment in use,
why and how to detect and report signs of injury,
the circumstances in which health surveillance is made
available to employees and its purpose, in accordance with
Regulation 8, and
safe working practices to minimise exposure to
mechanical vibration.
</provision>
<provision id="P8_1">
Without prejudice to section 22 of the Act, it shall be the duty of an employer to ensure that appropriate health
surveillance is made available to those employees for whom a
risk assessment referred to in Regulation 5 reveals a risk to
their health, including employees exposed to mechanical
vibration in excess of an exposure action value.
</provision>
<provision id="P8_2">
Health surveillance, the results of which are taken into
account in the application of preventive measures at a
particular place of work, shall be intended to prevent or
diagnose rapidly any disorder linked with exposure to
mechanical vibration, and shall be regarded as being
appropriate when -
the exposure of an employee to mechanical vibration is
such that an identifiable illness or adverse health effect may
be related to the exposure,
there is a reasonable likelihood that the illness or effect
may occur under the particular conditions of his or her work,
and
there are valid low risk tested techniques available to the
employee for detecting indications of the illness or the effect.
</provision>
<provision id="P8_3">
An employer shall ensure that a health record in respect
of each of his or her employees who undergoes health
surveillance in accordance with paragraphs (1 or (2) is made
and maintained and that that record or a copy thereof is kept
available in a suitable form so as to permit appropriate access
at a later date, taking into account any confidentiality
concerns.
</provision>
<provision id="P8_4">
An employer shall -
 on request, allow an employee access to his or her
personal health record,
 provide the Authority with copies of such health records
as the Authority may require, and
 if he or she ceases to trade, notify the Authority forthwith
in writing and make available to the Authority all health
records kept by him or her in accordance with these
Regulations.
</provision>
<provision id="P8_5">
It shall be the duty of a registered medical practitioner
under whose responsibility an employee receives health
surveillance under this Regulation to -
 keep an individual confidential medical record containing
the results of the health surveillance and, where appropriate,
medical examination carried out,
 ensure that such record or a copy thereof is kept in a
suitable form for an appropriate time from the date of the last
entry made in it,
 propose any protective or preventive measures necessary
in respect of any individual employee,
 give access to an employee, upon request by that
employee, to his or her own health surveillance records, and
 allow access to individual confidential medical records to
a person who is designated under section 63(1) of the Act.
</provision>
<provision id="P8_6">
Where as a result of health surveillance in accordance with this Regulation an employee is found to have an
identifiable illness or adverse health effect which, in the
opinion of a registered medical practitioner, is the result of
exposure at work to mechanical vibration, the registered
medical practitioner shall inform the employee of the result
which relates to him or her personally, including information
and advice regarding such health surveillance which he or she
should undergo following the end of the exposure, and, shall
inform the employer of that opinion .
</provision>
<provision id="P8_7">
Where an undertaking ceases to trade, it shall be the duty
of an employer to ensure that any health records are made
available to the Authority.
</provision>
<provision id="P8_8">
Where as a result of health surveillance in accordance
with this Regulation an employee is found to have an
identifiable illness or adverse health effect which, in the
opinion of a registered medical practitioner, is the result of
exposure at work to mechanical vibration, the employer shall
-
 review the risk assessment made under Regulation 5,
 review the measures provided to eliminate or reduce the
risk under Regulation 6,
 take account of the advice of the registered medical
practitioner or a relevant competent person, or an inspector, in
implementing any measures required to eliminate or reduce
risk in accordance with Regulation 6, including the possibility
of assigning the affected employee to alternative work where
there is no risk of further exposure, and
 arrange continued health surveillance and provide for a
review of the health status of any employee who has been
similarly exposed and take account of the recommendations
of the registered medical practitioner or a relevant competent
person regarding further medical examination.
</provision>
<provision id="9_1">
Subject to paragraph (2), Regulation 6(3) shall not apply until 6 July 2010 where work equipment is used which
-
was first provided to employees before 6 July 2007 by an
employer, and
 does not permit compliance with the exposure limit
values,
but in using such equipment an employer shall take into
account the latest technical advances and the organisational
measures taken in accordance with Regulation 6(2).
</provision>
<provision id="P9_2">
Regulation 6(3) shall not apply until 6 July 2014 in
respect of work equipment, which is used in the agriculture
and forestry sectors only, which -
 was first provided to employees before 6 July 2007 by an
employer, and
 does not permit compliance with the exposure limit
values,
but in using such equipment an employer shall take into
account the latest technical advances and the organisational
measures taken in accordance with Regulation 6(2).
</provision>
<provision id="P10_1">
Subject to paragraphs (3) and (4), the Authority
may, by a certificate in writing, exempt any person or class of
persons from Regulation 6(3) in duly justified circumstances
in respect of whole-body vibration only in the case of sea and
air transport, where the latest technical advances and the
specific characteristics of the place of work do not permit
compliance with the exposure limit value despite the
technical and organisational measures taken.
</provision>
<provision id="P10_2">
Subject to paragraphs (3) and (4), the Authority may, by a
certificate in writing, exempt any person or class of persons
from Regulation 6(3) where the exposure of an employee to
mechanical vibration is usually below the exposure action
value but varies markedly from time to time and may
occasionally exceed the exposure limit value, provided that -
 any exposure to mechanical vibration averaged over 40
hours in any one week is less than the exposure limit value,
and
 there is evidence to show that the risk from the actual
pattern of exposure is less than the corresponding risk from
constant exposure at the exposure limit value.
</provision>
<provision id="P10_3">
The Authority shall not grant any exemptions under this Regulation unless-
 it consults the employers and the employees concerned or
their representatives, or both,
 it applies conditions to any such exemption, taking into
account the special circumstances, to ensure that the resulting
risks are reduced to a minimum, and
 the employees concerned are subject to appropriate health
surveillance.
</provision>
<provision id="P10_4">
Any exemption granted by the Authority under this
Regulation shall be reviewed at least once every 4 years and
shall be revoked, by a certificate in writing at any time as
soon as the justifying circumstances no longer obtain.
</provision>
</document>
